envSteps,gradientSteps,flowLoss,flowRegression,flowBootstrap
0,60001,0.1931540071964264,0.9090398550033569,0.28029513359069824
0,70001,1.1854788064956665,0.18372884392738342,0.02211804874241352
0,80001,1.2441154718399048,0.22644691169261932,0.019852478057146072
0,90001,0.5213503241539001,0.1870959997177124,0.012309147976338863
0,100001,0.8926906585693359,0.18768340349197388,0.0067685386165976524
0,110001,0.9873695373535156,0.15401098132133484,0.00971920881420374
0,120001,1.331571340560913,0.17639362812042236,0.005530933383852243
0,130001,1.4470489025115967,0.1704053282737732,0.009592701680958271
0,140001,0.5740442872047424,0.16213364899158478,0.012145860120654106
0,150001,0.9529433846473694,0.16098785400390625,0.011847156099975109
0,160001,1.0967520475387573,0.15854449570178986,0.01209412794560194
0,170001,0.9529615044593811,0.21793556213378906,0.00930164847522974
0,180001,0.7809413075447083,0.22014860808849335,0.011217187158763409
0,190001,1.9535205364227295,0.2327454835176468,0.013141502626240253
0,200001,0.7537039518356323,0.15522626042366028,0.009233287535607815
0,210001,0.9915809035301208,0.20689019560813904,0.020924614742398262
0,220001,1.350441813468933,0.21984347701072693,0.011916322633624077
0,230001,0.8868727087974548,0.143379807472229,0.008177976123988628
0,240001,2.363945960998535,0.328785240650177,0.012163862586021423
0,250001,0.8741493225097656,0.1684766709804535,0.012094325385987759
