envSteps,gradientSteps,mse,lpips,tokenizerLoss,psnr
0,1,0.38727042078971863,689.3795166015625,17.8781795501709,4.119856655597687
0,3001,0.012153594754636288,129.10289001464844,1.4468083381652832,19.152952432632446
0,6001,0.009918548166751862,109.88777160644531,1.2345105409622192,20.03551959991455
0,9001,0.007177544292062521,90.20063781738281,0.949425458908081,21.44024133682251
0,12001,0.008333439938724041,96.9539794921875,1.0787463188171387,20.791757106781006
0,15001,0.00864424929022789,94.96724700927734,1.1259225606918335,20.63272714614868
0,18001,0.008643164299428463,96.19689178466797,1.1800992488861084,20.633273124694824
0,21001,0.008326977491378784,99.88385009765625,1.1641325950622559,20.79512596130371
0,24001,0.007481709588319063,89.35617065429688,1.0457420349121094,21.259992122650146
0,27001,0.007429029792547226,88.30799102783203,1.076314091682434,21.29067897796631
0,30001,0.007282047066837549,86.62696838378906,1.0468636751174927,21.37746572494507
0,33001,0.00778006250038743,97.27560424804688,1.148697018623352,21.090168952941895
0,36001,0.008550113998353481,94.1785659790039,1.2553907632827759,20.68028211593628
0,39001,0.014434447512030602,104.67760467529297,1.8708986043930054,18.40599775314331
0,42001,0.011400259099900723,92.81745910644531,1.6143068075180054,19.430853128433228
0,45001,0.009482387453317642,93.50015258789062,1.2598559856414795,20.230822563171387
0,48001,0.008178670890629292,100.52934265136719,1.1550935506820679,20.873172283172607
0,51001,0.00919635035097599,103.54811096191406,1.2739009857177734,20.363845825195312
0,54001,0.008377764374017715,92.63519287109375,1.1377238035202026,20.768718719482422
0,57001,0.0070724268443882465,86.10806274414062,1.0193498134613037,21.504316329956055
